{"trial_id": "01", "hyperparameters": {"space": [{"class_name": "Int", "config": {"name": "units1", "default": null, "conditions": [], "min_value": 200, "max_value": 600, "step": 200, "sampling": "linear"}}, {"class_name": "Int", "config": {"name": "units2", "default": null, "conditions": [], "min_value": 100, "max_value": 300, "step": 100, "sampling": "linear"}}, {"class_name": "Int", "config": {"name": "units3", "default": null, "conditions": [], "min_value": 50, "max_value": 150, "step": 50, "sampling": "linear"}}, {"class_name": "Choice", "config": {"name": "learning_rate", "default": 0.01, "conditions": [], "values": [0.01, 0.001, 0.0001], "ordered": true}}], "values": {"units1": 400, "units2": 200, "units3": 100, "learning_rate": 0.001}}, "metrics": {"metrics": {"accuracy": {"direction": "max", "observations": [{"value": [0.9418276945749918], "step": 3}]}, "loss": {"direction": "min", "observations": [{"value": [0.1746461565295855], "step": 3}]}, "val_accuracy": {"direction": "max", "observations": [{"value": [0.8031401038169861], "step": 3}]}, "val_loss": {"direction": "min", "observations": [{"value": [0.8875146706899008], "step": 3}]}}}, "score": 0.8031401038169861, "best_step": 3, "status": "COMPLETED", "message": null}