{"trial_id": "05", "hyperparameters": {"space": [{"class_name": "Int", "config": {"name": "units1", "default": null, "conditions": [], "min_value": 200, "max_value": 600, "step": 200, "sampling": "linear"}}, {"class_name": "Int", "config": {"name": "units2", "default": null, "conditions": [], "min_value": 100, "max_value": 300, "step": 100, "sampling": "linear"}}, {"class_name": "Int", "config": {"name": "units3", "default": null, "conditions": [], "min_value": 50, "max_value": 150, "step": 50, "sampling": "linear"}}, {"class_name": "Choice", "config": {"name": "learning_rate", "default": 0.01, "conditions": [], "values": [0.01, 0.001, 0.0001], "ordered": true}}], "values": {"units1": 200, "units2": 300, "units3": 50, "learning_rate": 0.0001}}, "metrics": {"metrics": {"accuracy": {"direction": "max", "observations": [{"value": [0.9739331801732382], "step": 13}]}, "loss": {"direction": "min", "observations": [{"value": [0.12020347888271014], "step": 13}]}, "val_accuracy": {"direction": "max", "observations": [{"value": [0.7991143465042114], "step": 13}]}, "val_loss": {"direction": "min", "observations": [{"value": [0.6967584490776062], "step": 13}]}}}, "score": 0.7991143465042114, "best_step": 13, "status": "COMPLETED", "message": null}