{"trial_id": "09", "hyperparameters": {"space": [{"class_name": "Int", "config": {"name": "units1", "default": null, "conditions": [], "min_value": 200, "max_value": 600, "step": 200, "sampling": "linear"}}, {"class_name": "Int", "config": {"name": "units2", "default": null, "conditions": [], "min_value": 100, "max_value": 300, "step": 100, "sampling": "linear"}}, {"class_name": "Int", "config": {"name": "units3", "default": null, "conditions": [], "min_value": 50, "max_value": 150, "step": 50, "sampling": "linear"}}, {"class_name": "Choice", "config": {"name": "learning_rate", "default": 0.01, "conditions": [], "values": [0.01, 0.001, 0.0001], "ordered": true}}], "values": {"units1": 600, "units2": 300, "units3": 100, "learning_rate": 0.01}}, "metrics": {"metrics": {"accuracy": {"direction": "max", "observations": [{"value": [0.7958937287330627], "step": 1}]}, "loss": {"direction": "min", "observations": [{"value": [0.784441202878952], "step": 1}]}, "val_accuracy": {"direction": "max", "observations": [{"value": [0.7942834297815958], "step": 1}]}, "val_loss": {"direction": "min", "observations": [{"value": [0.7159154415130615], "step": 1}]}}}, "score": 0.7942834297815958, "best_step": 1, "status": "COMPLETED", "message": null}