{"trial_id": "04", "hyperparameters": {"space": [{"class_name": "Int", "config": {"name": "units1", "default": null, "conditions": [], "min_value": 200, "max_value": 600, "step": 200, "sampling": "linear"}}, {"class_name": "Int", "config": {"name": "units2", "default": null, "conditions": [], "min_value": 100, "max_value": 300, "step": 100, "sampling": "linear"}}, {"class_name": "Int", "config": {"name": "units3", "default": null, "conditions": [], "min_value": 50, "max_value": 150, "step": 50, "sampling": "linear"}}, {"class_name": "Choice", "config": {"name": "learning_rate", "default": 0.01, "conditions": [], "values": [0.01, 0.001, 0.0001], "ordered": true}}], "values": {"units1": 400, "units2": 100, "units3": 100, "learning_rate": 0.001}}, "metrics": {"metrics": {"accuracy": {"direction": "max", "observations": [{"value": [0.927033007144928], "step": 8}]}, "loss": {"direction": "min", "observations": [{"value": [0.20501178157671043], "step": 8}]}, "val_accuracy": {"direction": "max", "observations": [{"value": [0.7995169162750244], "step": 8}]}, "val_loss": {"direction": "min", "observations": [{"value": [1.1239176392555237], "step": 8}]}}}, "score": 0.7995169162750244, "best_step": 8, "status": "COMPLETED", "message": null}