{"trial_id": "02", "hyperparameters": {"space": [{"class_name": "Int", "config": {"name": "units1", "default": null, "conditions": [], "min_value": 200, "max_value": 600, "step": 200, "sampling": "linear"}}, {"class_name": "Int", "config": {"name": "units2", "default": null, "conditions": [], "min_value": 100, "max_value": 300, "step": 100, "sampling": "linear"}}, {"class_name": "Int", "config": {"name": "units3", "default": null, "conditions": [], "min_value": 50, "max_value": 150, "step": 50, "sampling": "linear"}}, {"class_name": "Choice", "config": {"name": "learning_rate", "default": 0.01, "conditions": [], "values": [0.01, 0.001, 0.0001], "ordered": true}}], "values": {"units1": 600, "units2": 200, "units3": 150, "learning_rate": 0.01}}, "metrics": {"metrics": {"accuracy": {"direction": "max", "observations": [{"value": [0.7179951667785645], "step": 0}]}, "loss": {"direction": "min", "observations": [{"value": [1.2753123044967651], "step": 0}]}, "val_accuracy": {"direction": "max", "observations": [{"value": [0.7995169162750244], "step": 0}]}, "val_loss": {"direction": "min", "observations": [{"value": [0.6251530845959982], "step": 0}]}}}, "score": 0.7995169162750244, "best_step": 0, "status": "COMPLETED", "message": null}