{"trial_id": "00", "hyperparameters": {"space": [{"class_name": "Int", "config": {"name": "units1", "default": null, "conditions": [], "min_value": 200, "max_value": 600, "step": 200, "sampling": "linear"}}, {"class_name": "Int", "config": {"name": "units2", "default": null, "conditions": [], "min_value": 100, "max_value": 300, "step": 100, "sampling": "linear"}}, {"class_name": "Int", "config": {"name": "units3", "default": null, "conditions": [], "min_value": 50, "max_value": 150, "step": 50, "sampling": "linear"}}, {"class_name": "Choice", "config": {"name": "learning_rate", "default": 0.01, "conditions": [], "values": [0.01, 0.001, 0.0001], "ordered": true}}], "values": {"units1": 600, "units2": 300, "units3": 50, "learning_rate": 0.001}}, "metrics": {"metrics": {"accuracy": {"direction": "max", "observations": [{"value": [0.9911433060963949], "step": 7}]}, "loss": {"direction": "min", "observations": [{"value": [0.030915776267647743], "step": 7}]}, "val_accuracy": {"direction": "max", "observations": [{"value": [0.7954911589622498], "step": 7}]}, "val_loss": {"direction": "min", "observations": [{"value": [1.2543450395266216], "step": 7}]}}}, "score": 0.7954911589622498, "best_step": 7, "status": "COMPLETED", "message": null}