{"trial_id": "06", "hyperparameters": {"space": [{"class_name": "Int", "config": {"name": "units1", "default": null, "conditions": [], "min_value": 200, "max_value": 600, "step": 200, "sampling": "linear"}}, {"class_name": "Int", "config": {"name": "units2", "default": null, "conditions": [], "min_value": 100, "max_value": 300, "step": 100, "sampling": "linear"}}, {"class_name": "Int", "config": {"name": "units3", "default": null, "conditions": [], "min_value": 50, "max_value": 150, "step": 50, "sampling": "linear"}}, {"class_name": "Choice", "config": {"name": "learning_rate", "default": 0.01, "conditions": [], "values": [0.01, 0.001, 0.0001], "ordered": true}}], "values": {"units1": 200, "units2": 300, "units3": 100, "learning_rate": 0.01}}, "metrics": {"metrics": {"accuracy": {"direction": "max", "observations": [{"value": [0.8424919446309408], "step": 9}]}, "loss": {"direction": "min", "observations": [{"value": [0.5152849853038788], "step": 9}]}, "val_accuracy": {"direction": "max", "observations": [{"value": [0.7962963183720907], "step": 9}]}, "val_loss": {"direction": "min", "observations": [{"value": [1.3726494908332825], "step": 9}]}}}, "score": 0.7962963183720907, "best_step": 9, "status": "COMPLETED", "message": null}