{"trial_id": "03", "hyperparameters": {"space": [{"class_name": "Int", "config": {"name": "units1", "default": null, "conditions": [], "min_value": 200, "max_value": 600, "step": 200, "sampling": "linear"}}, {"class_name": "Int", "config": {"name": "units2", "default": null, "conditions": [], "min_value": 100, "max_value": 300, "step": 100, "sampling": "linear"}}, {"class_name": "Int", "config": {"name": "units3", "default": null, "conditions": [], "min_value": 50, "max_value": 150, "step": 50, "sampling": "linear"}}, {"class_name": "Choice", "config": {"name": "learning_rate", "default": 0.01, "conditions": [], "values": [0.01, 0.001, 0.0001], "ordered": true}}], "values": {"units1": 400, "units2": 100, "units3": 50, "learning_rate": 0.0001}}, "metrics": {"metrics": {"accuracy": {"direction": "max", "observations": [{"value": [0.9438406030337015], "step": 7}]}, "loss": {"direction": "min", "observations": [{"value": [0.23882783949375153], "step": 7}]}, "val_accuracy": {"direction": "max", "observations": [{"value": [0.8128019173940023], "step": 7}]}, "val_loss": {"direction": "min", "observations": [{"value": [0.5608634154001871], "step": 7}]}}}, "score": 0.8128019173940023, "best_step": 7, "status": "COMPLETED", "message": null}