{"ongoing_trials": {}, "hyperparameters": {"space": [{"class_name": "Int", "config": {"name": "units1", "default": null, "conditions": [], "min_value": 200, "max_value": 600, "step": 200, "sampling": "linear"}}, {"class_name": "Int", "config": {"name": "units2", "default": null, "conditions": [], "min_value": 100, "max_value": 300, "step": 100, "sampling": "linear"}}, {"class_name": "Int", "config": {"name": "units3", "default": null, "conditions": [], "min_value": 50, "max_value": 150, "step": 50, "sampling": "linear"}}, {"class_name": "Choice", "config": {"name": "learning_rate", "default": 0.01, "conditions": [], "values": [0.01, 0.001, 0.0001], "ordered": true}}], "values": {"units1": 200, "units2": 100, "units3": 50, "learning_rate": 0.01}}, "start_order": ["00", "01", "02", "03", "04", "05", "06", "07", "08", "09"], "end_order": ["00", "01", "02", "03", "04", "05", "06", "07", "08", "09"], "run_times": {"00": 1, "01": 1, "02": 1, "03": 1, "04": 1, "05": 1, "06": 1, "07": 1, "08": 1, "09": 1}, "retry_queue": [], "seed": 1825, "seed_state": 1865, "tried_so_far": ["7659b5eefc31f377c047e60731541dcb", "88eb8e596b933a99f698f71bbb20c612", "8f1251ab5f7ba7c9e17918907231f12e", "2d6d0ee1c6e3902f9c2d54a02b276562", "ed3e883c6242a8195a333c7001f45755", "a26433c644a7acb2ba66d1a5e1a24b25", "bbeeb48e697802a6c1e7a60ef44dce94", "eb78930cd02dae3c9fd4c4ccc2908139", "4a6b9fb2b2361fc4f2fd75ab6ca7d9d6", "eed1745bef30223e9c0845709132a9b7"], "id_to_hash": {"00": "4a6b9fb2b2361fc4f2fd75ab6ca7d9d6", "01": "eed1745bef30223e9c0845709132a9b7", "02": "bbeeb48e697802a6c1e7a60ef44dce94", "03": "ed3e883c6242a8195a333c7001f45755", "04": "88eb8e596b933a99f698f71bbb20c612", "05": "7659b5eefc31f377c047e60731541dcb", "06": "8f1251ab5f7ba7c9e17918907231f12e", "07": "a26433c644a7acb2ba66d1a5e1a24b25", "08": "eb78930cd02dae3c9fd4c4ccc2908139", "09": "2d6d0ee1c6e3902f9c2d54a02b276562"}, "display": {"search_start": "2024-05-03T03:47:18.457616", "trial_start": {"00": "2024-05-03T03:47:18.457616", "01": "2024-05-03T03:47:47.337718", "02": "2024-05-03T03:48:14.503875", "03": "2024-05-03T03:48:45.178569", "04": "2024-05-03T03:49:12.742519", "05": "2024-05-03T03:49:40.136321", "06": "2024-05-03T03:50:03.912497", "07": "2024-05-03T03:50:26.921840", "08": "2024-05-03T03:50:38.363443", "09": "2024-05-03T03:51:08.414709"}, "trial_number": {"00": 1, "01": 2, "02": 3, "03": 4, "04": 5, "05": 6, "06": 7, "07": 8, "08": 9, "09": 10}}}